{
  "resolution": [
    1280,
    720
  ],
  "checkerboard_size": [
    5,
    8
  ],
  "square_size_mm": 27.0,
  "rms_error": 0.3209397614739749,
  "camera_matrix": [
    [
      1036.071666946242,
      0.0,
      643.5184137896052
    ],
    [
      0.0,
      1044.6864513050245,
      323.2608609306729
    ],
    [
      0.0,
      0.0,
      1.0
    ]
  ],
  "dist_coeffs": [
    [
      0.1305929064940886,
      -0.6294152698362038,
      -0.01834866741201315,
      0.002578229986207109,
      1.6320371105512983
    ]
  ],
  "frames_used": 24
}